{"train_loss": 47.18647830975419, "_timestamp": 1673540795.789269, "_runtime": 180.4610059261322, "_step": 9, "_wandb": {"runtime": 212}}