{"train_loss": 51.05209461345794, "_timestamp": 1673532162.4457066, "_runtime": 186.78568863868713, "_step": 9, "_wandb": {"runtime": 196}}